USE [Assignment_301_008]
go
INSERT INTO BRAND(BRANDNAME) VALUES('NIKE')
INSERT INTO BRAND(BRANDNAME) VALUES('ADIDAS')
INSERT INTO BRAND(BRANDNAME) VALUES('PUMA')
go
select  * from brand
go
INSERT INTO PRODUCT(PID,NAME,BRANDID,PRICE,REVIEW,IMAGE_LINK) VALUES('T123','GIAYTEST',1,'100','GOOD','https://vn-test-11.slatic.net/p/4b05bebf56c1c184be0141a1c436caf0.jpg')
INSERT INTO PRODUCT(PID,NAME,BRANDID,PRICE,REVIEW,IMAGE_LINK) VALUES('T456','GIAYTEST1',2,'200','GOOD1','https://btsneaker.vn/wp-content/uploads/2021/09/bat-mi-cach-chon-size-giay-adidas-nhat-chuan-xac-nhat-3-1024x1024.jpg')
GO
select * from product
go
INSERT INTO COLOR(COLORNAME) VALUES('RED')
INSERT INTO COLOR(COLORNAME) VALUES('BLUE')
INSERT INTO COLOR(COLORNAME) VALUES('YELLOW')
INSERT INTO COLOR(COLORNAME) VALUES('GREEN')
INSERT INTO COLOR(COLORNAME) VALUES('PURPLE')
GO
select * from color

go
INSERT INTO PRODUCTINVENTORY(PID,SIZE,COLORID,AMOUNT) VALUES('T123',38,1,61)
INSERT INTO PRODUCTINVENTORY(PID,SIZE,COLORID,AMOUNT) VALUES('T123',38,2,31)
INSERT INTO PRODUCTINVENTORY(PID,SIZE,COLORID,AMOUNT) VALUES('T123',38,3,32)
INSERT INTO PRODUCTINVENTORY(PID,SIZE,COLORID,AMOUNT) VALUES('T123',38,4,35)
INSERT INTO PRODUCTINVENTORY(PID,SIZE,COLORID,AMOUNT) VALUES('T123',38,5,39)
go

INSERT INTO PRODUCTINVENTORY(PID,SIZE,COLORID,AMOUNT) VALUES('T123',39,1,12)
INSERT INTO PRODUCTINVENTORY(PID,SIZE,COLORID,AMOUNT) VALUES('T123',39,2,22)
INSERT INTO PRODUCTINVENTORY(PID,SIZE,COLORID,AMOUNT) VALUES('T123',39,3,34)
INSERT INTO PRODUCTINVENTORY(PID,SIZE,COLORID,AMOUNT) VALUES('T123',39,4,11)
INSERT INTO PRODUCTINVENTORY(PID,SIZE,COLORID,AMOUNT) VALUES('T123',39,5,22)
go
select DISTINCT color.colorid,colorname from PRODUCTINVENTORY proin join color on proin.colorid=color.colorid where pid = 'T123'
go
SELECT size FROM PRODUCTINVENTORY proin join color on color.COLORID=proin.COLORID WHERE PID='T123' and color.COLORNAME='red'
INSERT INTO PRODUCTINVENTORY(PID,SIZE,COLORID,AMOUNT) VALUES('T456',38,1,25)
INSERT INTO PRODUCTINVENTORY(PID,SIZE,COLORID,AMOUNT) VALUES('T456',38,2,52)
INSERT INTO PRODUCTINVENTORY(PID,SIZE,COLORID,AMOUNT) VALUES('T456',38,3,52)
INSERT INTO PRODUCTINVENTORY(PID,SIZE,COLORID,AMOUNT) VALUES('T456',38,4,22)
INSERT INTO PRODUCTINVENTORY(PID,SIZE,COLORID,AMOUNT) VALUES('T456',38,5,28)
go
INSERT INTO PRODUCTINVENTORY(PID,SIZE,COLORID,AMOUNT) VALUES('T456',39,1,11)
INSERT INTO PRODUCTINVENTORY(PID,SIZE,COLORID,AMOUNT) VALUES('T456',39,2,22)
INSERT INTO PRODUCTINVENTORY(PID,SIZE,COLORID,AMOUNT) VALUES('T456',39,3,33)
INSERT INTO PRODUCTINVENTORY(PID,SIZE,COLORID,AMOUNT) VALUES('T456',39,4,44)
INSERT INTO PRODUCTINVENTORY(PID,SIZE,COLORID,AMOUNT) VALUES('T456',39,5,55)
go
declare @id int
INSERT INTO CUSTOMER(USERNAME,PASSWORD,NAME,SEX,EMAIL,PHONE,ADDRESS,CASH) VALUES('hung','hunghung123','Xuan Hung','Male','hung@gmail.com','0387788999','123 Le Van Viet, Q9',1000000) select @id=SCOPE_IDENTITY()
INSERT INTO CART values(@id)
GO
declare @id int
INSERT INTO CUSTOMER(USERNAME,PASSWORD,NAME,SEX,EMAIL,PHONE,ADDRESS,CASH) VALUES('nam','hai123','Hai Nguyen','Male','hai@gmail.com','0365544333','21 Le Van Viet, Q9',88888) select @id=SCOPE_IDENTITY()  
INSERT INTO CART values(@id)
GO
declare @id int
INSERT INTO CUSTOMER(USERNAME,PASSWORD,NAME,SEX,EMAIL,PHONE,ADDRESS,CASH) VALUES('thao','thao123','Phuong Thao','Fermale','thao@gmail.com','0365544888','20 Le Van Viet, Q9',100) select @id=SCOPE_IDENTITY()  
INSERT INTO CART values(@id)
Go
insert into AdminManager values ('admin','admin')
go

